INSERT INTO REGION VALUES ('1','1235','ILLEETVILAINE') ;
INSERT INTO REGION VALUES ('2','1256','MORBIHAN') ;
INSERT INTO REGION VALUES ('3','1257','ILEDEFRANCE') ;

INSERT INTO LIEU (CODE_POSTAL,LABEL_VILLE,REGION_ID) VALUES ('35510','CESSON','1') ;
INSERT INTO LIEU (CODE_POSTAL,LABEL_VILLE,REGION_ID) VALUES ('35132','VEZIN','1') ;
INSERT INTO LIEU (CODE_POSTAL,LABEL_VILLE,REGION_ID) VALUES ('35000','RENNES','1') ;
INSERT INTO LIEU (CODE_POSTAL,LABEL_VILLE,REGION_ID) VALUES ('35590','LHERMITAGE','1') ;
INSERT INTO LIEU (CODE_POSTAL,LABEL_VILLE,REGION_ID) VALUES ('56000','VANNES','2') ;
INSERT INTO LIEU (CODE_POSTAL,LABEL_VILLE,REGION_ID) VALUES ('35400','SAINT-MALO','1') ;
INSERT INTO LIEU (CODE_POSTAL,LABEL_VILLE,REGION_ID) VALUES ('75000','PARIS','3') ;


INSERT INTO SPORT VALUES('Sportexterieur','1','Tennis','30','15');
INSERT INTO SPORT VALUES('Sportexterieur','2','Velo','35','5');
INSERT INTO SPORT VALUES('Sportexterieur','3','Squash','25','30');
INSERT INTO SPORT VALUES('Sportexterieur','4','Badminton','35','20');
INSERT INTO SPORT VALUES('Sportexterieur','5','Roller','31','19');
INSERT INTO SPORT VALUES('Sportexterieur','6','BoxeAnglaise','40','-10');
INSERT INTO SPORT VALUES('Sportexterieur','7','Voile','40','8');

INSERT INTO LIEU_SPORT (CODE_POSTAL_ID,LABEL_ID,SPORT_ID) VALUES ('35510','CESSON','1') ;
INSERT INTO LIEU_SPORT (CODE_POSTAL_ID,LABEL_ID,SPORT_ID) VALUES ('35000','RENNES','1') ;
INSERT INTO LIEU_SPORT (CODE_POSTAL_ID,LABEL_ID,SPORT_ID) VALUES ('35510','CESSON','2') ;
INSERT INTO LIEU_SPORT (CODE_POSTAL_ID,LABEL_ID,SPORT_ID) VALUES ('35000','RENNES','2') ;
INSERT INTO LIEU_SPORT (CODE_POSTAL_ID,LABEL_ID,SPORT_ID) VALUES ('35510','CESSON','5') ;
INSERT INTO LIEU_SPORT (CODE_POSTAL_ID,LABEL_ID,SPORT_ID) VALUES ('35000','RENNES','5') ;
INSERT INTO LIEU_SPORT (CODE_POSTAL_ID,LABEL_ID,SPORT_ID) VALUES ('35510','CESSON','6') ;
INSERT INTO LIEU_SPORT (CODE_POSTAL_ID,LABEL_ID,SPORT_ID) VALUES ('35000','RENNES','3') ;
INSERT INTO LIEU_SPORT (CODE_POSTAL_ID,LABEL_ID,SPORT_ID) VALUES ('35590','LHERMITAGE','2') ;
INSERT INTO LIEU_SPORT (CODE_POSTAL_ID,LABEL_ID,SPORT_ID) VALUES ('35590','LHERMITAGE','3') ;
INSERT INTO LIEU_SPORT (CODE_POSTAL_ID,LABEL_ID,SPORT_ID) VALUES ('56000','VANNES','7') ;
INSERT INTO LIEU_SPORT (CODE_POSTAL_ID,LABEL_ID,SPORT_ID) VALUES ('35400','SAINT-MALO','7') ;
INSERT INTO LIEU_SPORT (CODE_POSTAL_ID,LABEL_ID,SPORT_ID) VALUES ('56000','VANNES','2') ;
INSERT INTO LIEU_SPORT (CODE_POSTAL_ID,LABEL_ID,SPORT_ID) VALUES ('35400','SAINT-MALO','2') ;
INSERT INTO LIEU_SPORT (CODE_POSTAL_ID,LABEL_ID,SPORT_ID) VALUES ('56000','VANNES','4') ;
INSERT INTO LIEU_SPORT (CODE_POSTAL_ID,LABEL_ID,SPORT_ID) VALUES ('35400','SAINT-MALO','5') ;
INSERT INTO LIEU_SPORT (CODE_POSTAL_ID,LABEL_ID,SPORT_ID) VALUES ('35132','VEZIN','1') ;
INSERT INTO LIEU_SPORT (CODE_POSTAL_ID,LABEL_ID,SPORT_ID) VALUES ('35132','VEZIN','3') ;
INSERT INTO LIEU_SPORT (CODE_POSTAL_ID,LABEL_ID,SPORT_ID) VALUES ('75000','PARIS','1') ;
INSERT INTO LIEU_SPORT (CODE_POSTAL_ID,LABEL_ID,SPORT_ID) VALUES ('75000','PARIS','2') ;
INSERT INTO LIEU_SPORT (CODE_POSTAL_ID,LABEL_ID,SPORT_ID) VALUES ('75000','PARIS','3') ;
INSERT INTO LIEU_SPORT (CODE_POSTAL_ID,LABEL_ID,SPORT_ID) VALUES ('75000','PARIS','4') ;
INSERT INTO LIEU_SPORT (CODE_POSTAL_ID,LABEL_ID,SPORT_ID) VALUES ('75000','PARIS','5') ;


